slope,conf.low,conf.high,gene,sign
-0.04632156023169241,-0.04800226016535926,-0.04464086029802556,Pvalb,-1
-0.03206354474674584,-0.03344081629459295,-0.03068627319889873,Cplx3,-1
-0.02905904440892405,-0.03084574602560213,-0.02727234279224597,Chrna2,-1
0.00933033510263528,0.00873077872060393,0.00992989148466663,Mup6,1
0.00605045659159127,0.00563299381751335,0.0064679193656692,Pmch,1
0.00603716384502684,0.00562223961561639,0.00645208807443729,Hcrt,1
-0.00191444332969071,-0.00202698195266062,-0.0018019047067208,NA,-1
